site,old amino,new amino,fitness change
339,E,Q,2.2689
446,G,V,2.0069
427,D,H,1.4277
517,L,V,1.3718
405,E,A,1.2887
342,N,T,1.0374
339,E,A,0.95226
446,G,A,0.90767
466,D,A,0.90679
383,P,L,0.89402
383,P,S,0.72689
342,N,H,0.6421
427,D,A,0.57958
373,F,V,0.54463
451,L,R,0.54463
454,L,H,0.46116
454,L,I,0.44525
447,N,T,0.44143
344,T,N,0.42673
427,D,V,0.41651
357,I,V,0.4158
383,P,T,0.40786
454,L,R,0.39621
401,I,V,0.37477
445,G,V,0.33006
371,A,V,0.32213
407,R,S,0.30246
474,A,T,0.23939
447,N,K,0.20194
383,P,A,0.18523
447,N,S,0.13977
402,R,C,0.11692
446,G,R,0.11372
443,K,Q,0.090033
401,I,L,0.090033
492,Q,L,0.08703
373,F,L,0.05427
513,S,T,0.04342
449,N,D,0.027769
345,R,G,0.012844
408,Q,L,-0.015624
439,N,K,-0.020976
457,K,Q,-0.021193
389,L,I,-0.071713
451,L,I,-0.071713
494,Y,H,-0.093644
492,Q,H,-0.096177
517,L,I,-0.10297
516,L,V,-0.11462
402,R,H,-0.11527
358,S,T,-0.11692
443,K,T,-0.14636
454,L,F,-0.1483
407,R,G,-0.16798
345,R,S,-0.18133
342,N,D,-0.18616
422,Y,H,-0.19176
466,D,G,-0.22354
427,D,G,-0.28239
355,K,T,-0.28946
457,K,R,-0.30279
342,N,S,-0.32363
405,E,G,-0.36665
466,D,E,-0.3887
455,F,C,-0.42477
373,F,C,-0.42477
480,N,K,-0.4543
423,K,T,-0.45651
468,S,T,-0.54437
366,V,A,-0.56178
445,G,R,-0.57658
381,V,L,-0.57988
402,R,S,-0.58254
449,N,S,-0.61483
383,P,R,-0.61711
455,F,V,-0.62544
422,Y,C,-0.6434
447,N,H,-0.65718
427,D,Y,-0.66815
443,K,R,-0.67281
423,K,R,-0.67281
451,L,F,-0.68265
493,S,T,-0.68747
339,E,D,-0.69216
438,N,S,-0.70312
332,T,S,-0.7383
332,T,N,-0.74959
507,Y,F,-0.79333
455,F,S,-0.79618
332,T,A,-0.79997
394,V,G,-0.8371
517,L,F,-0.8539
517,L,H,-0.85452
438,N,K,-0.89667
494,Y,C,-0.90721
447,N,Y,-0.91849
447,N,D,-0.94568
449,N,K,-0.97649
451,L,V,-0.98484
374,S,C,-0.98484
443,K,E,-0.98569
474,A,V,-0.9956
373,F,S,-1.0053
502,V,A,-1.0529
370,S,T,-1.0552
373,F,I,-1.0552
449,N,Y,-1.0616
339,E,K,-1.1001
371,A,T,-1.1001
401,I,T,-1.1029
355,K,R,-1.1163
371,A,P,-1.1231
455,F,L,-1.1319
341,F,L,-1.1319
344,T,I,-1.1363
337,F,L,-1.1397
427,D,E,-1.1649
337,F,C,-1.2132
337,F,V,-1.2132
408,Q,R,-1.2139
439,N,Y,-1.2286
368,Y,F,-1.2286
342,N,I,-1.2286
405,E,V,-1.2286
389,L,V,-1.2362
454,L,V,-1.2362
405,E,K,-1.2383
480,N,T,-1.245
449,N,H,-1.245
438,N,H,-1.245
480,N,H,-1.245
482,V,A,-1.27
451,L,P,-1.27
443,K,N,-1.2799
427,D,N,-1.2889
451,L,H,-1.3065
428,F,Y,-1.3065
455,F,Y,-1.3065
516,L,I,-1.3065
332,T,I,-1.3289
346,F,L,-1.3741
480,N,S,-1.381
522,T,N,-1.4129
457,K,N,-1.423
480,N,Y,-1.4293
344,T,A,-1.4435
362,A,S,-1.5051
514,F,L,-1.5084
402,R,G,-1.5726
482,V,L,-1.5751
405,E,Q,-1.5751
355,K,E,-1.5817
522,T,A,-1.5817
355,K,N,-1.5854
466,D,N,-1.5897
357,I,T,-1.631
346,F,S,-1.631
381,V,A,-1.631
341,F,I,-1.643
374,S,T,-1.643
342,N,Y,-1.6806
438,N,I,-1.6806
422,Y,F,-1.6806
466,D,V,-1.6806
420,Y,F,-1.6806
460,L,I,-1.6812
340,V,A,-1.722
366,V,G,-1.7241
357,I,M,-1.7241
460,L,R,-1.7241
341,F,V,-1.7241
517,L,R,-1.7241
401,I,M,-1.7241
502,V,G,-1.7241
389,L,R,-1.7241
510,V,G,-1.7241
420,Y,S,-1.7558
357,I,L,-1.7558
355,K,Q,-1.7558
494,Y,S,-1.7558
438,N,T,-1.7558
516,L,F,-1.7908
423,K,N,-1.7908
405,E,D,-1.7908
502,V,L,-1.8559
344,T,S,-1.9084
380,G,A,-1.9116
402,R,P,-1.9116
380,G,R,-1.9116
439,N,I,-2.0171
494,Y,F,-2.0171
371,A,G,-2.0835
408,Q,E,-2.0835
348,S,T,-2.1538
428,F,I,-2.1538
373,F,Y,-2.1538
422,Y,N,-2.1538
438,N,D,-2.1695
517,L,P,-2.2015
510,V,L,-2.3163
408,Q,H,-2.3786
415,G,A,-2.4224
474,A,P,-2.4224
503,G,R,-2.4224
339,E,G,-2.4796
459,N,Y,-2.5279
401,I,F,-2.5279
443,K,*,-2.5279
443,K,I,-2.5279
447,N,I,-2.5279
454,L,P,-2.5692
342,N,K,-2.6313
481,G,V,-2.6329
423,K,E,-2.6803
459,N,S,-2.6803
362,A,T,-2.6883
394,V,L,-2.7041
362,A,V,-2.7337
474,A,S,-2.776
510,V,A,-2.8206
420,Y,H,-2.8206
507,Y,H,-2.8206
511,V,A,-2.8206
514,F,C,-2.8227
487,C,G,-2.8227
482,V,G,-2.8227
357,I,S,-2.8227
381,V,G,-2.8227
401,I,S,-2.8227
422,Y,D,-2.8227
340,V,G,-2.8227
428,F,C,-2.8227
448,Y,D,-2.8227
346,F,V,-2.8227
487,C,W,-2.8227
511,V,G,-2.8227
514,F,V,-2.8227
507,Y,D,-2.8227
494,Y,D,-2.8227
420,Y,D,-2.8227
428,F,V,-2.8227
346,F,C,-2.8227
368,Y,D,-2.8227
341,F,C,-2.8227
402,R,L,-2.8287
368,Y,S,-2.8544
507,Y,S,-2.8544
439,N,H,-2.8544
449,N,T,-2.8544
492,Q,P,-2.8544
423,K,Q,-2.8544
459,N,H,-2.8544
448,Y,S,-2.8544
422,Y,S,-2.8544
344,T,P,-2.8544
408,Q,P,-2.8544
457,K,T,-2.8544
439,N,T,-2.8544
332,T,P,-2.8544
459,N,T,-2.8544
522,T,P,-2.8544
502,V,M,-2.9247
492,Q,R,-2.9316
448,Y,C,-2.9316
439,N,S,-2.9316
487,C,S,-2.9733
522,T,S,-3.007
415,G,V,-3.1437
492,Q,K,-3.1475
408,Q,K,-3.1475
389,L,P,-3.157
487,C,R,-3.157
425,P,S,-3.1772
492,Q,E,-3.1821
362,A,G,-3.1821
358,S,C,-3.1821
474,A,G,-3.1821
490,P,R,-3.1821
460,L,V,-3.1821
425,P,A,-3.1821
425,P,R,-3.1821
490,P,A,-3.1821
493,S,C,-3.1821
340,V,L,-3.1948
466,D,Y,-3.2207
368,Y,N,-3.2524
507,Y,N,-3.2524
337,F,Y,-3.2524
448,Y,N,-3.2524
510,V,E,-3.2524
381,V,E,-3.2524
337,F,I,-3.2524
487,C,*,-3.2524
357,I,N,-3.2524
494,Y,N,-3.2524
455,F,I,-3.2524
401,I,N,-3.2524
420,Y,N,-3.2524
502,V,E,-3.2524
346,F,I,-3.2524
514,F,I,-3.2524
346,F,Y,-3.2524
514,F,Y,-3.2524
511,V,E,-3.2524
341,F,Y,-3.2524
340,V,E,-3.2524
439,N,D,-3.2681
522,T,I,-3.383
371,A,S,-3.3951
466,D,H,-3.521
415,G,R,-3.521
481,G,R,-3.521
362,A,P,-3.521
481,G,A,-3.521
511,V,L,-3.521
503,G,A,-3.521
366,V,L,-3.521
445,G,A,-3.521
457,K,I,-3.6265
449,N,I,-3.6265
423,K,I,-3.6265
448,Y,F,-3.6265
339,E,V,-3.6265
355,K,*,-3.6265
438,N,Y,-3.6265
457,K,*,-3.6265
459,N,I,-3.6265
357,I,F,-3.6265
423,K,*,-3.6265
480,N,I,-3.6265
428,F,S,-3.6679
420,Y,*,-3.7299
422,Y,*,-3.7299
368,Y,*,-3.7299
507,Y,*,-3.7299
494,Y,*,-3.7299
448,Y,*,-3.7299
459,N,K,-3.7299
428,F,L,-3.735
480,N,D,-3.7789
507,Y,C,-3.7789
457,K,E,-3.7789
362,A,E,-4.2461
425,P,T,-4.2461
490,P,T,-4.2461
425,P,L,-4.5405
337,F,S,-4.7665
368,Y,H,-4.7665
460,L,P,-4.7665
514,F,S,-4.7665
341,F,S,-4.7665
448,Y,H,-4.7665
380,G,V,-4.8301
503,G,V,-4.8301
459,N,D,-4.8775
368,Y,C,-4.8775
420,Y,C,-4.8775
487,C,F,-5.341
487,C,Y,-5.6327
408,Q,*,-5.8398
492,Q,*,-5.8398
490,P,L,-5.8398
339,E,*,-6.4396
405,E,*,-6.4396
490,P,S,-6.9384
